22350eaf6be3642984d42d4535506fb15664b786|Searches/BinarySearch.java|BinarySearch#BS#(int[],int,int,int)|BinarySearch#BS#(T extends java.lang.Comparable[],T extends java.lang.Comparable,int,int)
90ebd8ad9988addf3734bc37d204414cd94afd97|Searches/BinarySearch.java|BinarySearch#BS#(int[],int,int,int)|BinarySearch#BS#(T extends java.lang.Comparable[],T extends java.lang.Comparable,int,int)
cc6af5f59e416eb969959734d04d8e545b829e12|Others/GCD.java|GCD#gcd#(int,int)|GCD#gcd#(int[])
01d699924e224438bb50a3bff56042c8cb99639c|Sorts/QuickSort.java|QuickSort#QS#(T extends java.lang.Comparable[],int,int)|QuickSort#QS#(List,int,int)
01d699924e224438bb50a3bff56042c8cb99639c|Sorts/QuickSort.java|QuickSort#partition#(T extends java.lang.Comparable[],int,int)|QuickSort#partition#(List,int,int)
01d699924e224438bb50a3bff56042c8cb99639c|Sorts/QuickSort.java|QuickSort#swap#(T extends java.lang.Comparable[],int,int)|QuickSort#swap#(List,int,int)
fe78789fcba8560298d02fa153c430704269575b|Sorts/QuickSort.java|QuickSort#QS#(T extends java.lang.Comparable[],int,int)|QuickSort#QS#(List,int,int)
fe78789fcba8560298d02fa153c430704269575b|Sorts/QuickSort.java|QuickSort#partition#(T extends java.lang.Comparable[],int,int)|QuickSort#partition#(List,int,int)
fe78789fcba8560298d02fa153c430704269575b|Sorts/QuickSort.java|QuickSort#swap#(T extends java.lang.Comparable[],int,int)|QuickSort#swap#(List,int,int)
f564fa4ea14e8e21d146523cedb1a3a52edb0068|Sorts/CountingSort.java|CountingSort#CS#(T extends java.lang.Comparable[],int)|CountingSort#CS#(java.util.List)
18a514857684b95c02c5cd01a65a14b344c9765c|Sorts/src/sort/HeapSort.java|sort.HeapSort#sort#()|sort.HeapSort#sort#(java.util.List)
e83317fd89f25fcd0927af3624a4c8f53bcf6c46|Sorts/src/sort/SortUtils.java|sort.SortUtils#print#(java.util.List)|sort.SortUtils#print#(java.lang.Object[])
